<?xml version="1.0" encoding="UTF-8"?>
<project xmlns="http://www.netbeans.org/ns/project/1">
    <type>com.microchip.mplab.nbide.embedded.makeproject</type>
    <configuration>
        <data xmlns="http://www.netbeans.org/ns/make-project/1">
            <name>PowerSupply2024</name>
            <creation-uuid>9e4cb607-fc5e-4b19-bb87-88197436b6a4</creation-uuid>
            <make-project-type>0</make-project-type>
            <c-extensions>c</c-extensions>
            <cpp-extensions/>
            <header-extensions>h</header-extensions>
            <asminc-extensions/>
            <sourceEncoding>ISO-8859-1</sourceEncoding>
            <make-dep-projects/>
            <sourceRootList>
                <sourceRootElem>D:/Documents/PICs/Projects/24FJ128GC006/Firmware</sourceRootElem>
                <sourceRootElem>../../../../CommonLib</sourceRootElem>
            </sourceRootList>
            <confList>
                <confElem>
                    <name>ICD4</name>
                    <type>2</type>
                </confElem>
                <confElem>
                    <name>Simulation</name>
                    <type>2</type>
                </confElem>
            </confList>
            <formatting>
                <project-formatting-style>false</project-formatting-style>
            </formatting>
        </data>
    </configuration>
</project>
