<?xml version="1.0" encoding="UTF-8"?>
<project-private xmlns="http://www.netbeans.org/ns/project-private/1">
    <editor-bookmarks xmlns="http://www.netbeans.org/ns/editor-bookmarks/2" lastBookmarkId="0"/>
    <open-files xmlns="http://www.netbeans.org/ns/projectui-open-files/2">
        <group>
            <file>file:/D:/Documents/PICs/Projects/24FJ128GC006/Firmware/30PowerSupply/PowerSupply2024.X/SourceFiles/application.h</file>
            <file>file:/D:/Documents/PICs/Projects/24FJ128GC006/Firmware/30PowerSupply/PowerSupply2024.X/main.c</file>
            <file>file:/D:/Documents/PICs/Projects/24FJ128GC006/Firmware/30PowerSupply/PowerSupply2024.X/SourceFiles/application.c</file>
        </group>
    </open-files>
</project-private>
